Type,Class,Count,Died,Death Rate
all,3rd,491,372,75.76374745
all,2nd,184,97,52.7173913
all,1st,215,80,37.20930233
male,3rd,304,267,87.82894737
male,2nd,97,89,91.75257732
male,1st,118,77,65.25423729
child,3rd,78,49,62.82051282
child,2nd,23,2,8.695652174
child,1st,12,1,8.333333333
female,3rd,109,56,51.37614679
female,2nd,64,6,9.375
female,1st,85,2,2.352941176