Type,Class,Count,Died,Survival Rate
male,3,304,267,12.17105263
male,2,97,89,8.24742268
male,1,118,77,34.74576271
child,3,78,49,37.17948718
child,2,23,2,91.30434783
child,1,12,1,91.66666667
female,3,109,56,48.62385321
female,2,64,6,90.625
female,1,85,2,97.64705882